time,avg_speed,vehicles_count,days_in_week,status
0,43,2,2,0
15,40,1,2,0
30,42,3,2,0
45,44,1,2,0
60,44,4,2,0
75,40,4,2,0
90,0,0,2,0
105,44,3,2,0
120,40,2,2,0
135,43,2,2,0
150,0,0,2,0
165,40,2,2,0
180,0,0,2,0
195,44,4,2,0
210,43,4,2,0
225,40,3,2,0
240,42,4,2,0
255,44,4,2,0
270,40,1,2,0
285,0,0,2,0
300,42,2,2,0
315,43,4,2,0
330,41,6,2,0
345,44,5,2,0
360,42,8,2,0
375,42,11,2,0
390,38,30,2,1
405,30,53,2,1
420,19,81,2,2
435,19,95,2,2
450,18,146,2,2
465,13,84,2,2
480,15,102,2,2
495,16,130,2,2
510,20,194,2,1
525,22,220,2,1
540,32,250,2,1
555,53,330,2,0
570,48,400,2,0
585,51,418,2,0
600,51,436,2,0
615,49,394,2,0
630,52,388,2,0
645,50,346,2,0
660,38,321,2,1
675,35,310,2,1
690,38,303,2,1
705,38,287,2,1
720,36,294,2,1
735,38,301,2,1
750,36,283,2,1
765,38,279,2,1
780,35,310,2,1
795,35,304,2,1
810,38,263,2,1
825,42,253,2,0
840,39,271,2,1
855,40,222,2,0
870,44,213,2,0
885,41,203,2,0
900,38,225,2,1
915,43,234,2,0
930,40,210,2,0
945,39,280,2,1
960,39,301,2,1
975,39,291,2,1
990,40,217,2,0
1005,31,180,2,1
1020,24,172,2,1
1035,18,130,2,2
1050,15,121,2,2
1065,14,117,2,2
1080,13,102,2,2
1095,18,106,2,2
1110,17,137,2,2
1125,19,125,2,2
1140,29,142,2,1
1155,37,135,2,1
1170,34,146,2,1
1185,35,151,2,1
1200,37,149,2,1
1215,41,170,2,0
1230,40,175,2,0
1245,43,205,2,0
1260,43,206,2,0
1275,40,215,2,0
1290,42,201,2,0
1305,41,179,2,0
1320,43,154,2,0
1335,41,132,2,0
1350,43,102,2,0
1365,43,74,2,0
1380,40,53,2,0
1395,40,34,2,0
1410,41,21,2,0
1425,43,9,2,0
1440,42,4,2,0
0,43,2,2,0
15,40,1,2,0
30,42,3,2,0
45,44,1,2,0
60,44,4,2,0
75,40,4,2,0
90,0,0,2,0
105,44,3,2,0
120,40,2,2,0
135,43,2,2,0
150,0,0,2,0
165,40,2,2,0
180,0,0,2,0
195,44,4,2,0
210,43,4,2,0
225,40,3,2,0
240,42,4,2,0
255,44,4,2,0
270,40,1,2,0
285,0,0,2,0
300,42,2,2,0
315,43,4,2,0
330,41,6,2,0
345,44,5,2,0
360,42,8,2,0
375,42,11,2,0
390,38,30,2,1
405,30,53,2,1
420,19,81,2,2
435,19,95,2,2
450,18,146,2,2
465,13,84,2,2
480,15,102,2,2
495,16,130,2,2
510,20,194,2,1
525,22,220,2,1
540,32,250,2,1
555,53,330,2,0
570,48,400,2,0
585,51,418,2,0
600,51,436,2,0
615,49,394,2,0
630,52,388,2,0
645,50,346,2,0
660,38,321,2,1
675,35,310,2,1
690,38,303,2,1
705,38,287,2,1
720,36,294,2,1
735,38,301,2,1
750,36,283,2,1
765,38,279,2,1
780,35,310,2,1
795,35,304,2,1
810,38,263,2,1
825,42,253,2,0
840,39,271,2,1
855,40,222,2,0
870,44,213,2,0
885,41,203,2,0
900,38,225,2,1
915,43,234,2,0
930,40,210,2,0
945,39,280,2,1
960,39,301,2,1
975,39,291,2,1
990,40,217,2,0
1005,31,180,2,1
1020,24,172,2,1
1035,18,130,2,2
1050,15,121,2,2
1065,14,117,2,2
1080,13,102,2,2
1095,18,106,2,2
1110,17,137,2,2
1125,19,125,2,2
1140,29,142,2,1
1155,37,135,2,1
1170,34,146,2,1
1185,35,151,2,1
1200,37,149,2,1
1215,41,170,2,0
1230,40,175,2,0
1245,43,205,2,0
1260,43,206,2,0
1275,40,215,2,0
1290,42,201,2,0
1305,41,179,2,0
1320,43,154,2,0
1335,41,132,2,0
1350,43,102,2,0
1365,43,74,2,0
1380,40,53,2,0
1395,40,34,2,0
1410,41,21,2,0
1425,43,9,2,0
1440,42,4,2,0
0,48,1,3,0
15,43,14,3,0
30,49,13,3,0
45,47,14,3,0
60,46,2,3,0
75,46,5,3,0
90,48,9,3,0
105,40,10,3,0
120,46,15,3,0
135,49,10,3,0
150,46,13,3,0
165,41,1,3,0
180,45,11,3,0
195,44,4,3,0
210,42,6,3,0
225,50,6,3,0
240,40,4,3,0
255,48,5,3,0
270,45,5,3,0
285,49,5,3,0
300,50,12,3,0
315,41,4,3,0
330,42,1,3,0
345,49,3,3,0
360,46,9,3,0
375,41,15,3,0
390,40,14,3,0
405,21,210,3,1
420,28,160,3,2
435,24,158,3,2
450,20,210,3,1
465,21,173,3,2
480,19,185,3,2
495,19,205,3,1
510,22,229,3,2
525,17,246,3,1
540,27,179,3,1
555,39,246,3,0
570,30,250,3,0
585,49,387,3,1
600,32,396,3,0
615,53,206,3,1
630,54,352,3,0
645,34,356,3,1
660,37,344,3,1
675,25,346,3,1
690,29,379,3,0
705,30,320,3,1
720,35,350,3,0
735,40,368,3,1
750,31,401,3,1
765,35,429,3,1
780,33,353,3,1
795,31,306,3,1
810,29,314,3,0
825,39,368,3,1
840,34,390,3,1
855,40,254,3,0
870,44,329,3,0
885,40,306,3,1
900,44,341,3,0
915,39,320,3,1
930,43,302,3,0
945,45,334,3,0
960,35,278,3,1
975,35,255,3,0
990,43,262,3,1
1005,37,303,3,0
1020,25,238,3,1
1035,15,139,3,2
1050,17,141,3,1
1065,23,240,3,1
1080,16,110,3,2
1095,24,179,3,1
1110,20,177,3,1
1125,28,123,3,1
1140,28,160,3,1
1155,18,186,3,1
1170,29,222,3,1
1185,21,166,3,2
1200,21,183,3,1
1215,39,181,3,0
1230,38,151,3,1
1245,37,114,3,0
1260,49,136,3,0
1275,48,178,3,0
1290,35,137,3,1
1305,49,190,3,1
1320,40,109,3,1
1335,47,157,3,0
1350,47,126,3,0
1365,50,26,3,0
1380,40,14,3,0
1395,44,7,3,0
1410,42,13,3,0
1425,42,12,3,0
1440,47,9,3,0
0,43,9,4,0
15,41,1,4,0
30,41,9,4,0
45,47,8,4,0
60,42,11,4,0
75,40,9,4,0
90,50,15,4,0
105,45,14,4,0
120,40,4,4,0
135,48,9,4,0
150,47,13,4,0
165,45,5,4,0
180,49,6,4,0
195,50,5,4,0
210,49,2,4,0
225,48,1,4,0
240,47,10,4,0
255,50,12,4,0
270,48,9,4,0
285,40,11,4,0
300,41,6,4,0
315,42,2,4,0
330,43,14,4,0
345,49,13,4,0
360,40,4,4,0
375,45,2,4,0
390,45,6,4,0
405,20,225,4,1
420,30,188,4,1
435,28,207,4,1
450,18,241,4,2
465,27,159,4,1
480,16,217,4,2
495,28,165,4,2
510,21,182,4,2
525,23,169,4,1
540,21,245,4,1
555,30,369,4,0
570,37,293,4,1
585,36,206,4,1
600,31,302,4,0
615,42,384,4,1
630,52,230,4,1
645,36,284,4,0
660,39,428,4,0
675,26,357,4,1
690,34,412,4,1
705,40,381,4,1
720,36,398,4,0
735,38,339,4,0
750,28,354,4,0
765,33,448,4,0
780,36,406,4,0
795,39,440,4,0
810,34,422,4,1
825,40,370,4,1
840,36,399,4,0
855,36,347,4,1
870,38,281,4,1
885,43,284,4,0
900,35,268,4,0
915,39,310,4,0
930,35,273,4,0
945,43,287,4,0
960,37,348,4,1
975,36,281,4,0
990,39,267,4,0
1005,36,288,4,1
1020,21,128,4,1
1035,30,118,4,1
1050,16,132,4,1
1065,29,193,4,1
1080,24,195,4,1
1095,25,155,4,2
1110,17,209,4,2
1125,15,234,4,1
1140,28,152,4,2
1155,28,180,4,2
1170,23,122,4,1
1185,27,216,4,1
1200,30,250,4,2
1215,46,147,4,1
1230,42,141,4,0
1245,35,131,4,1
1260,38,100,4,0
1275,46,115,4,1
1290,40,188,4,0
1305,38,103,4,1
1320,47,200,4,0
1335,35,157,4,1
1350,49,172,4,1
1365,47,25,4,0
1380,40,8,4,0
1395,49,5,4,0
1410,48,10,4,0
1425,42,26,4,0
1440,43,24,4,0
0,45,6,5,0
15,40,8,5,0
30,50,12,5,0
45,48,11,5,0
60,43,9,5,0
75,40,2,5,0
90,42,12,5,0
105,40,10,5,0
120,43,9,5,0
135,44,13,5,0
150,45,14,5,0
165,41,11,5,0
180,43,2,5,0
195,50,9,5,0
210,40,4,5,0
225,50,14,5,0
240,44,1,5,0
255,47,11,5,0
270,50,5,5,0
285,43,14,5,0
300,46,14,5,0
315,43,9,5,0
330,42,6,5,0
345,44,7,5,0
360,40,5,5,0
375,45,2,5,0
390,42,5,5,0
405,17,189,5,1
420,20,195,5,2
435,25,206,5,2
450,26,158,5,1
465,19,165,5,1
480,21,170,5,1
495,27,247,5,2
510,15,245,5,2
525,30,166,5,2
540,28,246,5,2
555,52,386,5,0
570,46,227,5,0
585,37,365,5,1
600,30,387,5,0
615,50,311,5,1
630,43,201,5,1
645,44,232,5,0
660,35,322,5,1
675,26,309,5,1
690,26,348,5,1
705,33,343,5,1
720,38,344,5,1
735,38,397,5,0
750,26,447,5,0
765,35,323,5,0
780,35,396,5,1
795,27,364,5,1
810,40,413,5,0
825,29,418,5,0
840,36,441,5,1
855,42,317,5,0
870,44,300,5,0
885,38,326,5,0
900,41,319,5,0
915,43,302,5,0
930,39,320,5,1
945,37,340,5,0
960,35,270,5,1
975,40,319,5,0
990,45,316,5,1
1005,44,267,5,1
1020,15,222,5,1
1035,22,216,5,1
1050,30,176,5,2
1065,28,104,5,2
1080,28,221,5,1
1095,16,192,5,1
1110,15,169,5,1
1125,25,178,5,1
1140,23,144,5,2
1155,28,110,5,2
1170,28,115,5,2
1185,29,151,5,2
1200,22,187,5,1
1215,49,155,5,0
1230,44,135,5,1
1245,46,141,5,0
1260,46,115,5,1
1275,40,122,5,1
1290,41,104,5,1
1305,48,141,5,1
1320,37,110,5,0
1335,48,176,5,0
1350,47,164,5,1
1365,48,9,5,0
1380,44,9,5,0
1395,41,16,5,0
1410,50,17,5,0
1425,49,8,5,0
1440,48,30,5,0
0,41,11,6,0
15,48,4,6,0
30,44,1,6,0
45,48,9,6,0
60,48,15,6,0
75,43,6,6,0
90,46,4,6,0
105,46,13,6,0
120,45,3,6,0
135,43,14,6,0
150,48,13,6,0
165,44,2,6,0
180,40,7,6,0
195,46,9,6,0
210,49,11,6,0
225,48,6,6,0
240,42,2,6,0
255,46,8,6,0
270,42,7,6,0
285,42,13,6,0
300,49,5,6,0
315,50,14,6,0
330,50,9,6,0
345,43,14,6,0
360,42,10,6,0
375,48,10,6,0
390,46,13,6,0
405,28,248,6,2
420,19,156,6,1
435,22,197,6,1
450,16,155,6,1
465,29,159,6,2
480,30,225,6,2
495,27,237,6,2
510,22,229,6,2
525,16,184,6,1
540,19,161,6,2
555,31,336,6,1
570,48,310,6,0
585,41,320,6,1
600,45,382,6,0
615,31,282,6,0
630,42,293,6,0
645,35,245,6,1
660,38,345,6,1
675,40,366,6,0
690,28,383,6,1
705,35,384,6,0
720,34,330,6,1
735,32,333,6,1
750,34,375,6,0
765,35,348,6,0
780,30,390,6,1
795,25,321,6,0
810,33,342,6,0
825,27,409,6,1
840,35,315,6,0
855,35,347,6,0
870,36,252,6,1
885,35,278,6,0
900,42,307,6,1
915,36,282,6,0
930,42,298,6,1
945,42,315,6,1
960,43,286,6,0
975,44,338,6,1
990,44,299,6,1
1005,38,331,6,1
1020,28,235,6,2
1035,17,205,6,2
1050,30,247,6,2
1065,23,225,6,1
1080,15,151,6,2
1095,16,184,6,2
1110,26,248,6,1
1125,26,215,6,1
1140,19,122,6,2
1155,18,208,6,1
1170,16,220,6,1
1185,15,170,6,2
1200,16,219,6,1
1215,37,172,6,0
1230,45,137,6,1
1245,43,168,6,0
1260,49,142,6,0
1275,45,116,6,1
1290,43,121,6,0
1305,42,142,6,0
1320,50,128,6,0
1335,49,140,6,1
1350,45,197,6,0
1365,42,6,6,0
1380,45,16,6,0
1395,40,25,6,0
1410,41,30,6,0
1425,50,11,6,0
1440,47,21,6,0
0,46,11,2,0
15,47,7,2,0
30,45,1,2,0
45,50,10,2,0
60,50,12,2,0
75,48,7,2,0
90,41,5,2,0
105,43,3,2,0
120,45,10,2,0
135,48,15,2,0
150,46,9,2,0
165,50,2,2,0
180,49,1,2,0
195,45,8,2,0
210,46,9,2,0
225,41,15,2,0
240,49,14,2,0
255,49,10,2,0
270,41,15,2,0
285,44,13,2,0
300,40,12,2,0
315,49,1,2,0
330,50,11,2,0
345,45,5,2,0
360,49,13,2,0
375,44,5,2,0
390,45,6,2,0
405,16,214,2,1
420,24,209,2,2
435,15,185,2,1
450,23,205,2,1
465,28,235,2,1
480,26,181,2,2
495,24,235,2,1
510,29,175,2,1
525,21,232,2,1
540,20,224,2,2
555,36,381,2,0
570,45,204,2,1
585,33,232,2,0
600,36,362,2,0
615,39,295,2,1
630,41,362,2,1
645,43,347,2,0
660,32,438,2,1
675,37,374,2,0
690,36,315,2,1
705,30,404,2,1
720,33,422,2,1
735,34,308,2,0
750,36,419,2,1
765,25,377,2,1
780,29,405,2,1
795,38,430,2,0
810,40,450,2,0
825,36,395,2,0
840,28,397,2,0
855,42,310,2,0
870,45,255,2,0
885,44,311,2,1
900,42,344,2,1
915,43,272,2,1
930,37,334,2,1
945,42,309,2,1
960,40,332,2,1
975,39,295,2,0
990,42,308,2,0
1005,39,322,2,0
1020,28,155,2,1
1035,18,140,2,1
1050,16,207,2,1
1065,20,105,2,1
1080,16,229,2,1
1095,17,160,2,1
1110,21,197,2,1
1125,20,158,2,1
1140,22,126,2,1
1155,25,124,2,1
1170,18,188,2,2
1185,25,112,2,2
1200,17,232,2,1
1215,39,170,2,0
1230,39,158,2,1
1245,44,196,2,1
1260,42,195,2,0
1275,37,184,2,1
1290,35,187,2,1
1305,38,173,2,1
1320,43,132,2,0
1335,41,160,2,1
1350,46,125,2,1
1365,42,29,2,0
1380,41,28,2,0
1395,41,11,2,0
1410,44,22,2,0
1425,50,22,2,0
1440,45,5,2,0
0,49,14,3,0
15,49,15,3,0
30,43,12,3,0
45,48,10,3,0
60,45,13,3,0
75,50,1,3,0
90,44,2,3,0
105,44,9,3,0
120,42,7,3,0
135,41,7,3,0
150,47,15,3,0
165,40,12,3,0
180,44,5,3,0
195,41,12,3,0
210,50,7,3,0
225,43,1,3,0
240,43,10,3,0
255,47,10,3,0
270,48,7,3,0
285,42,5,3,0
300,49,15,3,0
315,46,8,3,0
330,43,14,3,0
345,41,13,3,0
360,49,1,3,0
375,45,15,3,0
390,48,4,3,0
405,15,165,3,1
420,17,206,3,1
435,30,215,3,1
450,30,163,3,2
465,19,158,3,2
480,21,151,3,1
495,21,229,3,1
510,24,211,3,2
525,24,182,3,1
540,18,153,3,1
555,55,329,3,1
570,49,310,3,0
585,31,305,3,1
600,35,233,3,1
615,34,209,3,0
630,31,358,3,1
645,49,362,3,1
660,37,301,3,0
675,27,401,3,1
690,30,429,3,0
705,40,322,3,1
720,25,371,3,0
735,38,361,3,1
750,26,398,3,1
765,30,343,3,1
780,38,302,3,1
795,36,368,3,1
810,37,355,3,0
825,27,330,3,1
840,26,315,3,1
855,36,281,3,0
870,35,289,3,1
885,37,252,3,0
900,40,312,3,0
915,35,284,3,0
930,38,345,3,0
945,44,324,3,0
960,35,316,3,0
975,37,258,3,1
990,45,321,3,1
1005,38,275,3,1
1020,17,110,3,1
1035,21,233,3,2
1050,27,172,3,2
1065,18,133,3,2
1080,22,215,3,2
1095,22,144,3,1
1110,22,164,3,1
1125,30,130,3,1
1140,25,222,3,2
1155,24,138,3,1
1170,23,149,3,1
1185,15,104,3,1
1200,26,212,3,1
1215,41,163,3,1
1230,47,173,3,1
1245,35,139,3,0
1260,47,180,3,0
1275,40,126,3,1
1290,38,189,3,1
1305,41,171,3,0
1320,44,138,3,1
1335,42,178,3,0
1350,35,189,3,1
1365,44,9,3,0
1380,41,30,3,0
1395,49,23,3,0
1410,50,6,3,0
1425,48,14,3,0
1440,43,23,3,0
0,45,15,4,0
15,45,1,4,0
30,48,5,4,0
45,49,11,4,0
60,40,10,4,0
75,44,5,4,0
90,44,14,4,0
105,49,5,4,0
120,49,8,4,0
135,43,10,4,0
150,45,10,4,0
165,44,10,4,0
180,49,5,4,0
195,45,12,4,0
210,40,13,4,0
225,46,6,4,0
240,40,3,4,0
255,47,1,4,0
270,42,10,4,0
285,48,7,4,0
300,49,11,4,0
315,44,14,4,0
330,48,3,4,0
345,50,6,4,0
360,46,15,4,0
375,41,6,4,0
390,49,10,4,0
405,28,192,4,1
420,25,246,4,2
435,25,244,4,2
450,25,187,4,2
465,20,245,4,1
480,30,191,4,1
495,24,176,4,2
510,29,210,4,2
525,20,199,4,2
540,15,245,4,2
555,37,255,4,0
570,45,306,4,1
585,38,363,4,0
600,52,251,4,0
615,42,245,4,0
630,50,301,4,1
645,45,315,4,1
660,33,313,4,0
675,38,357,4,1
690,29,385,4,1
705,35,381,4,1
720,25,428,4,1
735,34,348,4,1
750,35,372,4,1
765,25,318,4,1
780,39,312,4,1
795,32,303,4,0
810,36,353,4,0
825,39,390,4,1
840,35,404,4,0
855,41,329,4,1
870,37,266,4,1
885,43,283,4,1
900,40,257,4,0
915,40,304,4,0
930,44,320,4,0
945,41,255,4,0
960,37,263,4,1
975,41,311,4,0
990,39,287,4,1
1005,38,269,4,1
1020,22,119,4,1
1035,15,151,4,2
1050,28,125,4,1
1065,27,191,4,1
1080,26,142,4,1
1095,16,167,4,1
1110,29,108,4,1
1125,18,202,4,1
1140,29,162,4,1
1155,16,174,4,2
1170,28,128,4,2
1185,30,109,4,1
1200,21,127,4,2
1215,40,192,4,0
1230,41,137,4,0
1245,41,198,4,1
1260,49,135,4,1
1275,44,129,4,1
1290,35,162,4,0
1305,35,105,4,1
1320,48,190,4,1
1335,40,172,4,1
1350,45,155,4,0
1365,48,18,4,0
1380,45,16,4,0
1395,46,6,4,0
1410,45,17,4,0
1425,40,17,4,0
1440,50,10,4,0
0,50,13,5,0
15,42,6,5,0
30,42,7,5,0
45,47,3,5,0
60,40,13,5,0
75,41,8,5,0
90,44,11,5,0
105,43,1,5,0
120,44,14,5,0
135,41,10,5,0
150,45,3,5,0
165,50,4,5,0
180,50,12,5,0
195,44,1,5,0
210,49,10,5,0
225,47,4,5,0
240,40,15,5,0
255,49,13,5,0
270,43,9,5,0
285,46,8,5,0
300,41,12,5,0
315,40,1,5,0
330,42,9,5,0
345,45,7,5,0
360,45,13,5,0
375,47,4,5,0
390,48,6,5,0
405,18,248,5,2
420,27,198,5,2
435,18,239,5,1
450,17,240,5,1
465,18,227,5,2
480,15,199,5,1
495,15,222,5,2
510,19,238,5,1
525,19,208,5,2
540,19,245,5,1
555,51,317,5,1
570,40,348,5,1
585,43,216,5,0
600,47,274,5,0
615,45,321,5,1
630,37,339,5,1
645,48,211,5,0
660,26,308,5,0
675,26,315,5,1
690,26,429,5,0
705,36,347,5,0
720,39,304,5,0
735,35,339,5,1
750,36,425,5,1
765,39,326,5,1
780,30,305,5,1
795,40,428,5,1
810,37,446,5,1
825,35,425,5,1
840,33,330,5,0
855,35,286,5,0
870,36,296,5,0
885,37,276,5,0
900,35,350,5,0
915,43,303,5,0
930,36,327,5,1
945,37,283,5,0
960,35,277,5,1
975,35,285,5,1
990,37,327,5,0
1005,44,341,5,0
1020,24,223,5,2
1035,16,172,5,2
1050,26,124,5,1
1065,29,177,5,2
1080,15,177,5,1
1095,24,193,5,1
1110,16,120,5,1
1125,18,199,5,2
1140,27,181,5,1
1155,15,187,5,2
1170,23,229,5,1
1185,21,148,5,1
1200,30,166,5,2
1215,39,119,5,1
1230,50,128,5,0
1245,46,172,5,0
1260,36,102,5,0
1275,50,147,5,0
1290,37,101,5,0
1305,42,141,5,0
1320,50,169,5,0
1335,44,161,5,0
1350,42,123,5,0
1365,45,17,5,0
1380,49,11,5,0
1395,50,16,5,0
1410,49,11,5,0
1425,45,13,5,0
1440,44,10,5,0
0,41,2,6,0
15,49,9,6,0
30,41,12,6,0
45,45,10,6,0
60,44,12,6,0
75,42,8,6,0
90,44,14,6,0
105,40,9,6,0
120,41,6,6,0
135,46,2,6,0
150,50,2,6,0
165,40,3,6,0
180,48,15,6,0
195,49,7,6,0
210,41,9,6,0
225,49,15,6,0
240,41,8,6,0
255,47,3,6,0
270,49,13,6,0
285,46,6,6,0
300,40,3,6,0
315,43,13,6,0
330,45,10,6,0
345,43,15,6,0
360,43,4,6,0
375,44,13,6,0
390,40,3,6,0
405,16,196,6,2
420,24,156,6,1
435,18,206,6,1
450,26,167,6,1
465,25,243,6,1
480,18,248,6,2
495,18,211,6,1
510,17,150,6,1
525,18,236,6,2
540,16,242,6,2
555,52,350,6,0
570,52,201,6,0
585,52,293,6,1
600,48,315,6,0
615,42,318,6,1
630,46,321,6,0
645,35,307,6,1
660,35,421,6,0
675,27,398,6,1
690,34,414,6,0
705,33,400,6,1
720,34,423,6,0
735,27,376,6,0
750,25,308,6,0
765,25,360,6,0
780,35,437,6,0
795,32,418,6,0
810,30,437,6,1
825,28,304,6,0
840,26,347,6,0
855,40,289,6,0
870,42,315,6,1
885,35,253,6,1
900,41,302,6,1
915,41,326,6,0
930,43,286,6,0
945,42,318,6,1
960,45,266,6,0
975,35,298,6,1
990,38,286,6,1
1005,36,331,6,1
1020,15,112,6,1
1035,26,124,6,1
1050,19,101,6,1
1065,28,156,6,1
1080,15,125,6,2
1095,21,163,6,1
1110,23,136,6,2
1125,16,212,6,1
1140,17,102,6,2
1155,15,136,6,1
1170,22,177,6,1
1185,15,161,6,1
1200,27,114,6,1
1215,38,167,6,0
1230,44,199,6,1
1245,48,180,6,0
1260,47,162,6,0
1275,35,155,6,1
1290,44,124,6,1
1305,46,172,6,0
1320,47,192,6,1
1335,45,114,6,0
1350,40,200,6,0
1365,43,16,6,0
1380,41,19,6,0
1395,45,11,6,0
1410,45,30,6,0
1425,49,15,6,0
1440,42,20,6,0
0,49,15,2,0
15,50,3,2,0
30,43,12,2,0
45,46,12,2,0
60,46,15,2,0
75,43,8,2,0
90,46,11,2,0
105,47,5,2,0
120,44,7,2,0
135,43,9,2,0
150,47,6,2,0
165,42,11,2,0
180,44,11,2,0
195,47,14,2,0
210,47,8,2,0
225,50,14,2,0
240,46,15,2,0
255,44,4,2,0
270,45,2,2,0
285,50,12,2,0
300,48,3,2,0
315,48,4,2,0
330,45,2,2,0
345,50,2,2,0
360,44,14,2,0
375,41,3,2,0
390,45,1,2,0
405,20,229,2,1
420,20,224,2,1
435,30,237,2,1
450,27,160,2,2
465,24,219,2,1
480,30,244,2,1
495,28,238,2,2
510,25,216,2,2
525,23,166,2,2
540,20,228,2,1
555,41,283,2,1
570,36,227,2,0
585,49,227,2,1
600,39,292,2,0
615,45,329,2,0
630,46,218,2,0
645,52,312,2,1
660,26,420,2,0
675,29,430,2,1
690,28,370,2,1
705,27,406,2,1
720,28,446,2,1
735,36,344,2,0
750,25,425,2,1
765,25,389,2,0
780,37,313,2,1
795,37,317,2,0
810,30,401,2,0
825,37,346,2,0
840,30,304,2,1
855,44,275,2,0
870,36,259,2,1
885,45,320,2,1
900,36,300,2,1
915,37,287,2,1
930,41,297,2,1
945,36,336,2,1
960,38,305,2,0
975,39,296,2,0
990,40,321,2,1
1005,35,286,2,0
1020,17,195,2,1
1035,18,242,2,2
1050,20,115,2,1
1065,21,232,2,1
1080,18,121,2,2
1095,23,188,2,2
1110,21,205,2,1
1125,22,196,2,1
1140,21,218,2,2
1155,29,126,2,2
1170,27,187,2,2
1185,25,124,2,2
1200,23,210,2,1
1215,37,199,2,1
1230,36,195,2,0
1245,38,102,2,0
1260,42,199,2,0
1275,49,199,2,1
1290,46,180,2,1
1305,38,106,2,0
1320,38,179,2,0
1335,46,158,2,0
1350,37,143,2,1
1365,43,6,2,0
1380,46,13,2,0
1395,48,9,2,0
1410,44,20,2,0
1425,45,23,2,0
1440,45,25,2,0
0,41,9,3,0
15,40,15,3,0
30,44,1,3,0
45,44,14,3,0
60,46,11,3,0
75,50,3,3,0
90,50,12,3,0
105,46,13,3,0
120,44,14,3,0
135,50,14,3,0
150,49,3,3,0
165,50,1,3,0
180,43,8,3,0
195,44,5,3,0
210,49,11,3,0
225,45,10,3,0
240,44,12,3,0
255,44,10,3,0
270,42,4,3,0
285,40,1,3,0
300,49,14,3,0
315,49,14,3,0
330,42,9,3,0
345,41,7,3,0
360,41,9,3,0
375,46,9,3,0
390,45,6,3,0
405,24,170,3,2
420,29,209,3,1
435,23,249,3,1
450,30,172,3,2
465,24,174,3,2
480,26,211,3,2
495,26,200,3,1
510,30,199,3,2
525,23,227,3,1
540,16,152,3,2
555,30,270,3,0
570,48,262,3,1
585,52,220,3,0
600,36,261,3,0
615,50,287,3,1
630,38,257,3,1
645,40,247,3,1
660,35,386,3,1
675,30,346,3,1
690,31,401,3,1
705,30,301,3,1
720,30,332,3,0
735,28,353,3,1
750,31,388,3,1
765,30,327,3,0
780,39,300,3,0
795,28,354,3,1
810,34,437,3,0
825,32,359,3,1
840,29,392,3,1
855,35,348,3,0
870,36,324,3,0
885,38,334,3,1
900,35,307,3,0
915,36,265,3,0
930,36,269,3,1
945,38,275,3,0
960,35,288,3,0
975,42,304,3,1
990,45,311,3,1
1005,41,266,3,0
1020,22,135,3,2
1035,25,147,3,2
1050,25,191,3,1
1065,29,136,3,2
1080,24,131,3,1
1095,22,147,3,2
1110,30,115,3,1
1125,27,211,3,1
1140,23,187,3,2
1155,21,106,3,1
1170,23,105,3,2
1185,19,130,3,2
1200,24,187,3,1
1215,48,192,3,1
1230,35,106,3,0
1245,47,171,3,1
1260,40,149,3,0
1275,44,185,3,1
1290,36,142,3,0
1305,46,152,3,1
1320,41,196,3,1
1335,40,181,3,0
1350,48,174,3,1
1365,48,23,3,0
1380,49,14,3,0
1395,45,13,3,0
1410,40,15,3,0
1425,41,25,3,0
1440,43,16,3,0
0,44,10,4,0
15,42,5,4,0
30,47,13,4,0
45,40,4,4,0
60,43,15,4,0
75,50,1,4,0
90,42,13,4,0
105,45,13,4,0
120,44,1,4,0
135,49,10,4,0
150,43,10,4,0
165,44,13,4,0
180,47,11,4,0
195,44,15,4,0
210,41,6,4,0
225,47,7,4,0
240,42,2,4,0
255,43,8,4,0
270,49,10,4,0
285,46,5,4,0
300,44,14,4,0
315,43,3,4,0
330,49,11,4,0
345,48,3,4,0
360,44,13,4,0
375,44,10,4,0
390,40,2,4,0
405,16,233,4,2
420,30,226,4,2
435,26,235,4,2
450,29,156,4,1
465,22,193,4,2
480,16,237,4,2
495,16,225,4,1
510,16,158,4,1
525,15,219,4,2
540,23,219,4,1
555,36,290,4,0
570,42,321,4,1
585,45,205,4,0
600,36,311,4,1
615,34,209,4,0
630,48,391,4,1
645,45,239,4,0
660,36,424,4,0
675,28,347,4,0
690,40,393,4,1
705,26,366,4,1
720,29,337,4,1
735,27,324,4,0
750,36,320,4,1
765,34,431,4,1
780,29,385,4,0
795,30,352,4,1
810,37,403,4,0
825,31,420,4,0
840,27,382,4,0
855,35,343,4,1
870,44,288,4,1
885,42,291,4,0
900,45,326,4,1
915,42,347,4,0
930,45,327,4,1
945,38,284,4,1
960,39,268,4,0
975,40,300,4,1
990,42,282,4,1
1005,43,274,4,1
1020,30,125,4,2
1035,25,108,4,2
1050,17,114,4,2
1065,15,240,4,2
1080,23,118,4,2
1095,27,152,4,2
1110,25,160,4,2
1125,20,237,4,1
1140,26,115,4,2
1155,25,182,4,1
1170,21,103,4,2
1185,24,139,4,1
1200,15,135,4,1
1215,42,182,4,1
1230,46,121,4,0
1245,41,134,4,1
1260,47,175,4,0
1275,42,104,4,1
1290,48,157,4,1
1305,49,105,4,1
1320,44,132,4,1
1335,35,104,4,0
1350,46,126,4,0
1365,49,8,4,0
1380,46,24,4,0
1395,50,9,4,0
1410,47,19,4,0
1425,48,22,4,0
1440,47,17,4,0
0,47,15,5,0
15,49,7,5,0
30,49,8,5,0
45,49,9,5,0
60,48,9,5,0
75,42,1,5,0
90,50,1,5,0
105,45,7,5,0
120,42,12,5,0
135,48,11,5,0
150,41,5,5,0
165,46,14,5,0
180,43,11,5,0
195,43,14,5,0
210,41,15,5,0
225,40,14,5,0
240,40,6,5,0
255,41,10,5,0
270,47,2,5,0
285,48,3,5,0
300,48,8,5,0
315,40,6,5,0
330,44,3,5,0
345,50,2,5,0
360,47,5,5,0
375,43,12,5,0
390,48,2,5,0
405,24,187,5,1
420,16,249,5,2
435,16,197,5,2
450,22,179,5,2
465,25,154,5,1
480,20,151,5,2
495,26,228,5,2
510,21,223,5,2
525,16,197,5,2
540,22,204,5,2
555,40,388,5,0
570,50,393,5,1
585,51,274,5,0
600,37,380,5,0
615,40,317,5,0
630,31,276,5,1
645,42,286,5,1
660,27,319,5,0
675,33,409,5,1
690,33,446,5,1
705,34,367,5,0
720,40,381,5,1
735,33,440,5,1
750,32,444,5,1
765,40,394,5,0
780,37,319,5,0
795,36,382,5,0
810,31,301,5,0
825,35,342,5,0
840,30,329,5,0
855,43,257,5,1
870,38,298,5,0
885,37,313,5,0
900,37,319,5,0
915,41,335,5,1
930,38,285,5,1
945,42,270,5,0
960,36,314,5,1
975,38,299,5,1
990,36,319,5,1
1005,36,265,5,1
1020,30,168,5,1
1035,24,127,5,2
1050,30,126,5,2
1065,21,239,5,1
1080,22,129,5,2
1095,22,225,5,1
1110,29,180,5,1
1125,28,204,5,1
1140,24,112,5,2
1155,23,168,5,2
1170,28,170,5,1
1185,27,101,5,1
1200,19,175,5,2
1215,41,106,5,1
1230,35,179,5,1
1245,42,104,5,0
1260,39,200,5,1
1275,44,103,5,1
1290,47,177,5,0
1305,48,185,5,1
1320,35,122,5,0
1335,50,110,5,1
1350,42,142,5,1
1365,48,24,5,0
1380,41,12,5,0
1395,45,16,5,0
1410,42,24,5,0
1425,50,9,5,0
1440,49,10,5,0
0,45,11,6,0
15,42,6,6,0
30,46,13,6,0
45,42,4,6,0
60,41,6,6,0
75,46,3,6,0
90,45,6,6,0
105,43,13,6,0
120,45,15,6,0
135,46,11,6,0
150,49,1,6,0
165,42,9,6,0
180,50,5,6,0
195,40,15,6,0
210,44,7,6,0
225,44,2,6,0
240,44,3,6,0
255,44,3,6,0
270,40,5,6,0
285,40,12,6,0
300,42,11,6,0
315,40,5,6,0
330,44,10,6,0
345,47,12,6,0
360,44,4,6,0
375,48,12,6,0
390,40,9,6,0
405,18,221,6,1
420,27,227,6,2
435,30,166,6,2
450,24,248,6,2
465,24,224,6,2
480,27,174,6,1
495,27,229,6,1
510,28,198,6,1
525,16,158,6,2
540,27,198,6,1
555,49,374,6,1
570,35,232,6,1
585,49,207,6,0
600,46,297,6,0
615,49,351,6,1
630,54,293,6,1
645,39,268,6,1
660,36,328,6,0
675,36,431,6,0
690,27,409,6,1
705,29,400,6,1
720,26,300,6,0
735,32,429,6,0
750,38,304,6,0
765,38,317,6,0
780,31,313,6,1
795,25,430,6,1
810,38,446,6,1
825,38,408,6,1
840,31,405,6,1
855,37,310,6,1
870,44,327,6,1
885,44,320,6,0
900,37,340,6,0
915,36,306,6,1
930,43,266,6,1
945,37,267,6,1
960,41,311,6,0
975,35,278,6,0
990,44,349,6,0
1005,43,317,6,0
1020,27,223,6,1
1035,21,190,6,2
1050,30,142,6,2
1065,30,159,6,2
1080,19,192,6,2
1095,25,226,6,2
1110,29,163,6,2
1125,16,225,6,1
1140,17,205,6,1
1155,18,237,6,1
1170,16,177,6,1
1185,19,235,6,1
1200,21,139,6,2
1215,49,141,6,1
1230,48,175,6,0
1245,46,181,6,1
1260,41,108,6,1
1275,49,196,6,0
1290,41,189,6,1
1305,47,166,6,0
1320,38,158,6,1
1335,49,140,6,1
1350,48,177,6,0
1365,44,8,6,0
1380,47,14,6,0
1395,46,12,6,0
1410,41,10,6,0
1425,42,18,6,0
1440,50,14,6,0
0,44,6,2,0
15,49,4,2,0
30,47,10,2,0
45,44,7,2,0
60,42,14,2,0
75,46,1,2,0
90,47,7,2,0
105,44,13,2,0
120,49,9,2,0
135,47,15,2,0
150,45,14,2,0
165,50,4,2,0
180,42,7,2,0
195,49,6,2,0
210,45,4,2,0
225,42,4,2,0
240,49,10,2,0
255,46,11,2,0
270,45,3,2,0
285,44,9,2,0
300,44,10,2,0
315,46,15,2,0
330,48,3,2,0
345,44,14,2,0
360,47,9,2,0
375,41,1,2,0
390,47,9,2,0
405,18,176,2,1
420,30,191,2,2
435,25,226,2,2
450,27,249,2,1
465,16,206,2,2
480,18,224,2,1
495,24,214,2,1
510,27,152,2,2
525,30,210,2,1
540,30,226,2,1
555,40,212,2,0
570,33,288,2,1
585,50,285,2,1
600,50,225,2,1
615,46,389,2,0
630,32,388,2,1
645,40,327,2,1
660,26,329,2,0
675,29,355,2,0
690,37,311,2,0
705,26,387,2,0
720,25,405,2,0
735,25,450,2,0
750,25,421,2,1
765,37,449,2,0
780,25,434,2,1
795,31,382,2,1
810,25,375,2,1
825,26,321,2,0
840,27,371,2,0
855,41,317,2,1
870,44,342,2,0
885,37,327,2,0
900,36,254,2,1
915,39,251,2,0
930,39,275,2,1
945,42,285,2,0
960,40,285,2,1
975,35,268,2,1
990,44,350,2,1
1005,36,276,2,1
1020,20,207,2,1
1035,25,223,2,2
1050,17,217,2,2
1065,17,153,2,1
1080,26,181,2,2
1095,18,204,2,1
1110,29,159,2,2
1125,19,103,2,1
1140,16,127,2,2
1155,15,223,2,2
1170,16,192,2,1
1185,22,142,2,1
1200,15,176,2,2
1215,35,144,2,1
1230,38,182,2,0
1245,35,149,2,1
1260,48,180,2,1
1275,39,163,2,0
1290,35,158,2,1
1305,45,104,2,1
1320,40,144,2,0
1335,41,146,2,1
1350,41,152,2,0
1365,47,28,2,0
1380,49,18,2,0
1395,46,13,2,0
1410,41,9,2,0
1425,47,14,2,0
1440,48,25,2,0
0,44,5,3,0
15,50,6,3,0
30,44,3,3,0
45,45,8,3,0
60,50,12,3,0
75,46,15,3,0
90,40,11,3,0
105,50,12,3,0
120,41,7,3,0
135,41,3,3,0
150,50,10,3,0
165,40,10,3,0
180,41,3,3,0
195,40,7,3,0
210,41,2,3,0
225,40,4,3,0
240,41,10,3,0
255,43,4,3,0
270,43,13,3,0
285,47,2,3,0
300,47,12,3,0
315,42,9,3,0
330,49,1,3,0
345,40,2,3,0
360,43,2,3,0
375,48,15,3,0
390,46,4,3,0
405,18,195,3,2
420,24,209,3,1
435,22,244,3,2
450,30,234,3,2
465,26,236,3,1
480,24,168,3,1
495,28,159,3,1
510,17,170,3,2
525,18,219,3,2
540,18,169,3,2
555,30,234,3,1
570,37,384,3,1
585,50,205,3,1
600,40,329,3,0
615,52,364,3,0
630,32,359,3,0
645,50,252,3,0
660,30,421,3,0
675,39,408,3,0
690,35,361,3,1
705,26,447,3,1
720,30,343,3,0
735,37,384,3,1
750,27,438,3,1
765,26,397,3,0
780,28,313,3,1
795,40,330,3,0
810,36,367,3,1
825,38,400,3,1
840,26,349,3,0
855,38,271,3,1
870,39,350,3,1
885,36,293,3,1
900,42,315,3,1
915,43,275,3,0
930,37,301,3,1
945,37,271,3,0
960,45,287,3,0
975,38,298,3,0
990,40,297,3,0
1005,40,292,3,1
1020,17,235,3,1
1035,24,222,3,2
1050,22,206,3,2
1065,25,207,3,1
1080,17,147,3,2
1095,29,246,3,2
1110,26,139,3,2
1125,20,149,3,1
1140,19,218,3,2
1155,18,193,3,2
1170,20,246,3,1
1185,23,180,3,2
1200,21,213,3,2
1215,50,123,3,0
1230,42,170,3,1
1245,41,193,3,0
1260,39,140,3,0
1275,46,147,3,0
1290,38,105,3,1
1305,47,118,3,0
1320,39,172,3,0
1335,38,193,3,0
1350,43,100,3,1
1365,40,21,3,0
1380,43,17,3,0
1395,42,10,3,0
1410,40,14,3,0
1425,43,25,3,0
1440,44,7,3,0
0,48,12,4,0
15,43,15,4,0
30,44,11,4,0
45,48,4,4,0
60,43,7,4,0
75,50,4,4,0
90,46,2,4,0
105,47,2,4,0
120,43,12,4,0
135,40,14,4,0
150,40,1,4,0
165,46,11,4,0
180,49,9,4,0
195,47,6,4,0
210,46,15,4,0
225,43,12,4,0
240,50,3,4,0
255,43,5,4,0
270,46,13,4,0
285,42,14,4,0
300,40,8,4,0
315,43,13,4,0
330,41,4,4,0
345,46,7,4,0
360,46,5,4,0
375,49,8,4,0
390,48,7,4,0
405,24,211,4,1
420,22,243,4,1
435,29,161,4,1
450,30,163,4,2
465,24,167,4,1
480,15,233,4,2
495,28,225,4,2
510,15,245,4,1
525,18,158,4,1
540,18,150,4,2
555,55,205,4,1
570,49,211,4,0
585,38,289,4,1
600,50,218,4,0
615,44,324,4,1
630,33,379,4,0
645,54,394,4,1
660,40,351,4,1
675,32,303,4,0
690,37,424,4,1
705,39,420,4,0
720,26,310,4,0
735,36,368,4,0
750,34,402,4,0
765,32,386,4,0
780,33,427,4,0
795,28,406,4,1
810,38,340,4,1
825,27,379,4,0
840,27,339,4,1
855,40,318,4,1
870,37,276,4,0
885,41,338,4,1
900,37,304,4,0
915,45,254,4,0
930,36,341,4,1
945,41,300,4,0
960,40,311,4,0
975,42,272,4,1
990,35,321,4,1
1005,37,264,4,1
1020,23,234,4,1
1035,22,242,4,2
1050,15,233,4,1
1065,27,157,4,2
1080,30,235,4,2
1095,25,243,4,2
1110,21,171,4,1
1125,17,148,4,2
1140,24,131,4,2
1155,19,168,4,1
1170,30,106,4,1
1185,21,130,4,1
1200,30,195,4,1
1215,43,128,4,1
1230,38,183,4,1
1245,38,199,4,1
1260,40,131,4,1
1275,45,188,4,0
1290,43,173,4,0
1305,48,141,4,1
1320,43,167,4,0
1335,40,198,4,0
1350,43,183,4,0
1365,50,8,4,0
1380,48,21,4,0
1395,44,13,4,0
1410,40,22,4,0
1425,44,25,4,0
1440,44,12,4,0
0,47,2,5,0
15,45,7,5,0
30,42,6,5,0
45,45,4,5,0
60,45,10,5,0
75,43,13,5,0
90,40,13,5,0
105,41,11,5,0
120,40,11,5,0
135,48,2,5,0
150,49,8,5,0
165,50,15,5,0
180,50,4,5,0
195,44,1,5,0
210,44,4,5,0
225,40,12,5,0
240,43,13,5,0
255,42,1,5,0
270,40,5,5,0
285,45,6,5,0
300,42,10,5,0
315,44,14,5,0
330,50,7,5,0
345,43,1,5,0
360,44,1,5,0
375,45,7,5,0
390,46,6,5,0
405,25,188,5,2
420,17,184,5,2
435,21,194,5,1
450,19,206,5,2
465,26,156,5,1
480,25,169,5,1
495,22,164,5,2
510,26,212,5,2
525,26,168,5,2
540,25,205,5,2
555,31,281,5,0
570,31,350,5,0
585,43,206,5,1
600,54,264,5,1
615,32,370,5,0
630,40,255,5,1
645,47,246,5,1
660,34,384,5,0
675,35,380,5,0
690,40,332,5,0
705,29,446,5,0
720,38,424,5,1
735,31,426,5,1
750,34,337,5,1
765,28,394,5,0
780,31,395,5,1
795,36,336,5,1
810,31,303,5,0
825,39,330,5,1
840,40,362,5,0
855,39,308,5,0
870,43,304,5,0
885,43,271,5,1
900,40,281,5,1
915,35,315,5,0
930,41,340,5,1
945,44,321,5,1
960,39,318,5,0
975,36,299,5,1
990,40,334,5,0
1005,43,258,5,0
1020,25,100,5,1
1035,25,242,5,1
1050,20,173,5,2
1065,19,110,5,1
1080,15,146,5,2
1095,21,244,5,1
1110,27,112,5,1
1125,27,141,5,2
1140,19,156,5,1
1155,30,233,5,2
1170,15,113,5,2
1185,18,247,5,1
1200,20,232,5,2
1215,46,169,5,1
1230,38,172,5,0
1245,39,193,5,1
1260,44,155,5,0
1275,37,161,5,0
1290,47,189,5,0
1305,42,141,5,1
1320,47,111,5,1
1335,36,152,5,1
1350,37,199,5,1
1365,47,25,5,0
1380,44,25,5,0
1395,48,18,5,0
1410,48,29,5,0
1425,45,22,5,0
1440,49,27,5,0
0,47,8,6,0
15,42,5,6,0
30,50,11,6,0
45,45,10,6,0
60,49,6,6,0
75,49,15,6,0
90,45,4,6,0
105,48,5,6,0
120,43,6,6,0
135,45,5,6,0
150,45,7,6,0
165,48,9,6,0
180,48,12,6,0
195,49,5,6,0
210,41,1,6,0
225,41,15,6,0
240,43,11,6,0
255,48,9,6,0
270,48,3,6,0
285,41,10,6,0
300,46,11,6,0
315,48,3,6,0
330,43,9,6,0
345,47,2,6,0
360,46,10,6,0
375,46,13,6,0
390,42,6,6,0
405,17,221,6,2
420,29,211,6,1
435,22,248,6,2
450,15,238,6,1
465,17,209,6,1
480,19,190,6,1
495,16,233,6,2
510,19,247,6,1
525,18,209,6,2
540,27,243,6,1
555,39,326,6,0
570,45,359,6,1
585,55,321,6,1
600,47,354,6,1
615,48,250,6,0
630,39,241,6,0
645,42,320,6,0
660,35,300,6,1
675,33,371,6,0
690,25,398,6,0
705,36,436,6,0
720,35,406,6,0
735,35,369,6,0
750,29,388,6,1
765,36,364,6,1
780,38,367,6,1
795,37,318,6,1
810,38,442,6,1
825,35,313,6,0
840,38,325,6,1
855,40,305,6,0
870,45,318,6,1
885,42,346,6,0
900,37,284,6,1
915,43,256,6,0
930,45,331,6,0
945,43,288,6,0
960,44,280,6,0
975,38,315,6,1
990,42,328,6,0
1005,39,316,6,0
1020,25,152,6,2
1035,21,199,6,2
1050,27,204,6,2
1065,28,162,6,2
1080,16,213,6,2
1095,24,215,6,1
1110,26,218,6,2
1125,20,154,6,2
1140,25,215,6,1
1155,24,127,6,2
1170,22,161,6,2
1185,25,204,6,1
1200,28,182,6,1
1215,48,102,6,1
1230,44,179,6,1
1245,48,189,6,1
1260,40,192,6,1
1275,35,100,6,0
1290,48,150,6,1
1305,48,102,6,0
1320,44,190,6,0
1335,36,169,6,0
1350,45,101,6,0
1365,41,24,6,0
1380,44,20,6,0
1395,43,14,6,0
1410,44,21,6,0
1425,45,27,6,0
1440,46,22,6,0
0,42,13,2,0
15,45,12,2,0
30,48,5,2,0
45,40,1,2,0
60,42,5,2,0
75,49,5,2,0
90,49,15,2,0
105,43,7,2,0
120,47,4,2,0
135,48,3,2,0
150,47,4,2,0
165,46,9,2,0
180,47,13,2,0
195,48,13,2,0
210,48,3,2,0
225,40,14,2,0
240,47,8,2,0
255,43,3,2,0
270,48,4,2,0
285,49,9,2,0
300,46,9,2,0
315,46,6,2,0
330,44,4,2,0
345,40,6,2,0
360,45,10,2,0
375,41,9,2,0
390,43,12,2,0
405,21,161,2,2
420,28,228,2,2
435,27,171,2,1
450,22,223,2,2
465,19,174,2,1
480,18,207,2,1
495,29,224,2,2
510,15,181,2,2
525,20,228,2,1
540,22,156,2,2
555,46,277,2,0
570,48,316,2,0
585,48,223,2,1
600,41,400,2,1
615,33,362,2,1
630,45,233,2,0
645,44,210,2,1
660,32,351,2,0
675,33,374,2,1
690,29,385,2,1
705,36,346,2,1
720,25,438,2,1
735,40,448,2,1
750,36,364,2,0
765,36,368,2,1
780,25,416,2,1
795,33,379,2,1
810,35,353,2,0
825,35,317,2,1
840,30,362,2,0
855,44,276,2,1
870,42,299,2,1
885,43,258,2,0
900,38,281,2,0
915,40,289,2,1
930,37,322,2,0
945,44,313,2,1
960,42,260,2,0
975,44,328,2,1
990,35,335,2,1
1005,42,337,2,0
1020,27,220,2,2
1035,16,249,2,1
1050,18,208,2,1
1065,26,139,2,2
1080,29,185,2,2
1095,28,190,2,1
1110,29,117,2,1
1125,27,229,2,2
1140,28,176,2,2
1155,22,129,2,1
1170,17,166,2,1
1185,24,200,2,2
1200,28,119,2,1
1215,37,177,2,1
1230,40,175,2,0
1245,45,107,2,0
1260,46,124,2,1
1275,35,150,2,1
1290,48,182,2,1
1305,48,128,2,1
1320,44,171,2,0
1335,42,185,2,0
1350,49,170,2,0
1365,43,7,2,0
1380,48,26,2,0
1395,49,15,2,0
1410,46,7,2,0
1425,45,12,2,0
1440,50,29,2,0
0,43,3,3,0
15,48,9,3,0
30,48,2,3,0
45,47,8,3,0
60,42,4,3,0
75,45,4,3,0
90,47,11,3,0
105,45,6,3,0
120,46,8,3,0
135,41,12,3,0
150,40,3,3,0
165,45,6,3,0
180,47,6,3,0
195,43,15,3,0
210,47,6,3,0
225,40,7,3,0
240,40,15,3,0
255,46,5,3,0
270,42,14,3,0
285,50,2,3,0
300,48,9,3,0
315,44,14,3,0
330,49,7,3,0
345,41,12,3,0
360,40,14,3,0
375,44,13,3,0
390,48,2,3,0
405,26,216,3,1
420,25,199,3,2
435,24,234,3,1
450,21,200,3,1
465,26,200,3,1
480,21,215,3,1
495,15,158,3,1
510,22,239,3,1
525,21,154,3,1
540,16,249,3,1
555,43,213,3,0
570,47,258,3,1
585,54,264,3,1
600,53,218,3,0
615,40,369,3,1
630,35,304,3,1
645,37,334,3,0
660,36,349,3,0
675,33,363,3,1
690,36,362,3,1
705,36,353,3,0
720,33,383,3,1
735,36,410,3,1
750,30,393,3,1
765,39,425,3,1
780,35,427,3,1
795,28,331,3,0
810,25,410,3,0
825,35,363,3,0
840,28,338,3,1
855,36,334,3,0
870,35,299,3,0
885,40,266,3,1
900,45,267,3,0
915,44,270,3,0
930,37,321,3,0
945,39,277,3,1
960,41,328,3,1
975,44,260,3,0
990,44,296,3,0
1005,45,302,3,0
1020,27,140,3,2
1035,22,167,3,2
1050,22,247,3,1
1065,21,232,3,2
1080,29,120,3,1
1095,18,150,3,2
1110,27,191,3,2
1125,16,131,3,2
1140,16,158,3,1
1155,29,148,3,1
1170,21,103,3,2
1185,29,221,3,2
1200,18,210,3,1
1215,44,194,3,0
1230,39,128,3,1
1245,41,116,3,0
1260,44,181,3,1
1275,42,199,3,1
1290,36,143,3,1
1305,45,165,3,1
1320,45,162,3,0
1335,45,178,3,0
1350,35,170,3,1
1365,43,7,3,0
1380,41,12,3,0
1395,41,9,3,0
1410,43,22,3,0
1425,43,18,3,0
1440,42,19,3,0
0,42,16,7,0
15,41,9,7,0
30,42,2,7,0
45,41,17,7,0
60,40,12,7,0
75,43,11,7,0
90,42,5,7,0
105,43,7,7,0
120,41,10,7,0
135,44,17,7,0
150,43,3,7,0
165,44,9,7,0
180,43,15,7,0
195,40,9,7,0
210,41,6,7,0
225,44,6,7,0
240,44,11,7,0
255,40,13,7,0
270,43,7,7,0
285,40,6,7,0
300,43,8,7,0
315,40,2,7,0
330,42,7,7,0
345,41,8,7,0
360,43,3,7,0
375,43,285,7,0
390,22,100,7,0
405,22,214,7,0
420,20,120,7,0
435,20,230,7,0
450,20,233,7,0
465,23,203,7,0
480,19,165,7,0
495,20,139,7,0
510,18,136,7,0
525,19,122,7,0
540,36,298,7,0
555,36,292,7,0
570,35,292,7,0
585,41,359,7,0
600,38,260,7,0
615,35,334,7,0
630,40,307,7,0
645,36,325,7,0
660,42,286,7,0
675,36,251,7,0
690,38,243,7,0
705,37,343,7,0
720,36,311,7,0
735,41,256,7,0
750,40,317,7,0
765,41,295,7,0
780,39,312,7,0
795,34,329,7,0
810,41,254,7,0
825,41,306,7,0
840,42,297,7,0
855,36,241,7,0
870,41,355,7,0
885,41,364,7,0
900,35,351,7,0
915,43,233,7,0
930,41,285,7,0
945,36,354,7,0
960,40,323,7,0
975,38,292,7,0
990,38,343,7,0
1005,39,247,7,0
1020,18,99,7,0
1035,22,95,7,0
1050,16,129,7,0
1065,21,205,7,0
1080,23,154,7,0
1095,18,137,7,0
1110,21,142,7,0
1125,17,195,7,0
1140,18,168,7,0
1155,43,250,7,0
1170,35,253,7,0
1185,36,313,7,0
1200,36,324,7,0
1215,37,312,7,0
1230,36,249,7,0
1245,43,328,7,0
1260,41,321,7,0
1275,43,279,7,0
1290,34,253,7,0
1305,43,248,7,0
1320,35,356,7,0
1335,39,236,7,0
1350,41,222,7,0
1365,41,266,7,0
1380,43,6,7,0
1395,41,14,7,0
1410,40,12,7,0
1425,40,6,7,0
1440,44,6,7,0
0,43,4,7,0
15,44,16,7,0
30,44,14,7,0
45,41,16,7,0
60,40,8,7,0
75,40,8,7,0
90,43,4,7,0
105,41,1,7,0
120,43,3,7,0
135,44,9,7,0
150,40,4,7,0
165,41,6,7,0
180,40,11,7,0
195,41,11,7,0
210,43,15,7,0
225,42,7,7,0
240,44,14,7,0
255,42,16,7,0
270,44,17,7,0
285,41,13,7,0
300,40,8,7,0
315,41,3,7,0
330,40,1,7,0
345,43,3,7,0
360,44,4,7,0
375,36,313,7,0
390,17,112,7,0
405,23,217,7,0
420,22,193,7,0
435,21,225,7,0
450,22,96,7,0
465,19,170,7,0
480,18,219,7,0
495,22,214,7,0
510,22,172,7,0
525,22,198,7,0
540,40,234,7,0
555,37,359,7,0
570,42,347,7,0
585,43,278,7,0
600,37,285,7,0
615,34,260,7,0
630,34,253,7,0
645,35,267,7,0
660,41,360,7,0
675,41,305,7,0
690,36,241,7,0
705,35,290,7,0
720,36,239,7,0
735,43,362,7,0
750,34,240,7,0
765,40,351,7,0
780,35,346,7,0
795,37,328,7,0
810,37,302,7,0
825,38,273,7,0
840,35,318,7,0
855,34,285,7,0
870,43,365,7,0
885,38,321,7,0
900,36,351,7,0
915,35,362,7,0
930,34,363,7,0
945,39,360,7,0
960,37,324,7,0
975,41,319,7,0
990,34,285,7,0
1005,41,324,7,0
1020,21,193,7,0
1035,21,102,7,0
1050,19,135,7,0
1065,17,201,7,0
1080,22,177,7,0
1095,23,135,7,0
1110,23,174,7,0
1125,22,117,7,0
1140,22,125,7,0
1155,40,354,7,0
1170,39,284,7,0
1185,35,345,7,0
1200,43,228,7,0
1215,43,243,7,0
1230,38,289,7,0
1245,39,244,7,0
1260,39,345,7,0
1275,35,262,7,0
1290,38,360,7,0
1305,35,254,7,0
1320,37,282,7,0
1335,41,297,7,0
1350,35,282,7,0
1365,37,264,7,0
1380,40,8,7,0
1395,43,7,7,0
1410,43,1,7,0
1425,40,6,7,0
1440,43,16,7,0
0,40,8,7,0
15,43,7,7,0
30,43,4,7,0
45,43,17,7,0
60,44,11,7,0
75,43,6,7,0
90,42,17,7,0
105,42,4,7,0
120,40,11,7,0
135,43,13,7,0
150,42,2,7,0
165,41,1,7,0
180,40,5,7,0
195,43,7,7,0
210,40,4,7,0
225,41,6,7,0
240,43,12,7,0
255,44,5,7,0
270,43,10,7,0
285,41,9,7,0
300,40,12,7,0
315,44,2,7,0
330,44,9,7,0
345,40,9,7,0
360,44,8,7,0
375,41,274,7,0
390,20,177,7,0
405,19,140,7,0
420,19,133,7,0
435,23,113,7,0
450,23,153,7,0
465,22,143,7,0
480,18,107,7,0
495,16,182,7,0
510,16,164,7,0
525,18,226,7,0
540,35,315,7,0
555,38,281,7,0
570,42,303,7,0
585,41,226,7,0
600,38,290,7,0
615,34,347,7,0
630,35,232,7,0
645,34,365,7,0
660,35,302,7,0
675,42,267,7,0
690,42,333,7,0
705,43,347,7,0
720,41,248,7,0
735,40,268,7,0
750,38,345,7,0
765,40,281,7,0
780,36,291,7,0
795,40,306,7,0
810,42,275,7,0
825,40,288,7,0
840,40,284,7,0
855,35,350,7,0
870,41,296,7,0
885,36,339,7,0
900,35,240,7,0
915,35,273,7,0
930,36,368,7,0
945,40,365,7,0
960,35,275,7,0
975,38,252,7,0
990,41,244,7,0
1005,38,250,7,0
1020,19,157,7,0
1035,23,112,7,0
1050,21,188,7,0
1065,20,119,7,0
1080,22,228,7,0
1095,23,131,7,0
1110,16,204,7,0
1125,20,158,7,0
1140,19,219,7,0
1155,35,310,7,0
1170,36,343,7,0
1185,37,335,7,0
1200,36,302,7,0
1215,36,343,7,0
1230,40,294,7,0
1245,43,319,7,0
1260,42,227,7,0
1275,39,301,7,0
1290,36,276,7,0
1305,34,284,7,0
1320,41,273,7,0
1335,37,244,7,0
1350,35,296,7,0
1365,43,245,7,0
1380,41,13,7,0
1395,43,1,7,0
1410,44,3,7,0
1425,44,15,7,0
1440,40,2,7,0
0,41,15,7,0
15,42,12,7,0
30,40,16,7,0
45,42,15,7,0
60,43,7,7,0
75,40,6,7,0
90,42,10,7,0
105,43,14,7,0
120,41,6,7,0
135,42,14,7,0
150,40,16,7,0
165,41,6,7,0
180,41,13,7,0
195,43,7,7,0
210,40,11,7,0
225,41,8,7,0
240,43,9,7,0
255,42,1,7,0
270,41,13,7,0
285,40,10,7,0
300,40,9,7,0
315,44,16,7,0
330,40,7,7,0
345,40,2,7,0
360,44,16,7,0
375,43,290,7,0
390,17,230,7,0
405,18,110,7,0
420,18,194,7,0
435,22,188,7,0
450,21,96,7,0
465,18,128,7,0
480,23,104,7,0
495,23,124,7,0
510,16,155,7,0
525,19,185,7,0
540,39,278,7,0
555,41,340,7,0
570,41,349,7,0
585,39,302,7,0
600,38,254,7,0
615,38,276,7,0
630,38,363,7,0
645,37,241,7,0
660,34,329,7,0
675,40,294,7,0
690,38,321,7,0
705,39,246,7,0
720,39,277,7,0
735,38,289,7,0
750,36,298,7,0
765,41,353,7,0
780,37,269,7,0
795,38,344,7,0
810,41,318,7,0
825,35,307,7,0
840,43,257,7,0
855,35,261,7,0
870,42,284,7,0
885,43,330,7,0
900,39,360,7,0
915,40,360,7,0
930,41,305,7,0
945,35,292,7,0
960,42,317,7,0
975,40,255,7,0
990,43,295,7,0
1005,42,262,7,0
1020,19,111,7,0
1035,22,127,7,0
1050,22,152,7,0
1065,19,100,7,0
1080,21,122,7,0
1095,17,228,7,0
1110,16,173,7,0
1125,21,212,7,0
1140,19,204,7,0
1155,35,268,7,0
1170,39,313,7,0
1185,37,298,7,0
1200,42,287,7,0
1215,40,306,7,0
1230,41,348,7,0
1245,40,344,7,0
1260,35,239,7,0
1275,35,360,7,0
1290,35,263,7,0
1305,40,339,7,0
1320,43,304,7,0
1335,41,357,7,0
1350,34,245,7,0
1365,43,296,7,0
1380,40,17,7,0
1395,40,4,7,0
1410,41,17,7,0
1425,41,12,7,0
1440,40,10,7,0
0,41,13,1,0
15,43,2,1,0
30,44,17,1,0
45,44,14,1,0
60,41,7,1,0
75,42,13,1,0
90,44,5,1,0
105,40,6,1,0
120,40,6,1,0
135,40,6,1,0
150,43,1,1,0
165,41,15,1,0
180,42,12,1,0
195,41,11,1,0
210,42,9,1,0
225,40,13,1,0
240,40,2,1,0
255,44,2,1,0
270,42,12,1,0
285,42,10,1,0
300,43,16,1,0
315,42,5,1,0
330,42,10,1,0
345,43,1,1,0
360,41,13,1,0
375,42,240,1,0
390,18,193,1,0
405,20,210,1,1
420,21,223,1,1
435,20,193,1,1
450,17,118,1,1
465,17,136,1,1
480,21,218,1,1
495,20,128,1,1
510,22,160,1,1
525,16,111,1,1
540,38,323,1,1
555,35,315,1,0
570,43,365,1,0
585,39,354,1,0
600,41,262,1,0
615,37,239,1,0
630,34,259,1,0
645,34,252,1,0
660,41,301,1,0
675,39,309,1,0
690,41,364,1,0
705,39,325,1,0
720,38,343,1,0
735,39,270,1,0
750,38,251,1,0
765,42,291,1,0
780,40,237,1,0
795,39,364,1,0
810,39,367,1,0
825,39,229,1,0
840,36,251,1,0
855,41,316,1,0
870,39,356,1,0
885,38,237,1,0
900,41,316,1,0
915,40,234,1,0
930,36,259,1,0
945,43,284,1,0
960,34,311,1,0
975,34,244,1,0
990,37,263,1,0
1005,35,290,1,0
1020,22,96,1,1
1035,18,185,1,1
1050,18,164,1,1
1065,17,233,1,1
1080,20,153,1,1
1095,17,115,1,1
1110,20,200,1,1
1125,23,195,1,1
1140,16,220,1,1
1155,35,243,1,1
1170,37,332,1,1
1185,36,346,1,1
1200,34,230,1,1
1215,38,273,1,0
1230,35,250,1,0
1245,41,247,1,0
1260,39,232,1,0
1275,38,313,1,0
1290,38,276,1,0
1305,37,331,1,0
1320,43,315,1,0
1335,38,264,1,0
1350,37,289,1,0
1365,37,260,1,0
1380,44,15,1,0
1395,42,11,1,0
1410,44,7,1,0
1425,41,17,1,0
1440,42,2,1,0
0,41,2,1,0
15,40,11,1,0
30,42,11,1,0
45,40,4,1,0
60,44,3,1,0
75,40,1,1,0
90,41,1,1,0
105,40,14,1,0
120,42,12,1,0
135,43,15,1,0
150,44,3,1,0
165,42,14,1,0
180,41,17,1,0
195,44,8,1,0
210,40,7,1,0
225,43,14,1,0
240,43,8,1,0
255,44,3,1,0
270,43,15,1,0
285,42,17,1,0
300,44,15,1,0
315,44,14,1,0
330,43,7,1,0
345,41,5,1,0
360,43,10,1,0
375,40,313,1,0
390,16,95,1,0
405,19,197,1,1
420,18,141,1,1
435,16,170,1,1
450,20,221,1,1
465,17,124,1,1
480,16,117,1,1
495,19,181,1,1
510,21,114,1,1
525,22,181,1,1
540,41,306,1,1
555,35,357,1,0
570,37,240,1,0
585,37,226,1,0
600,34,231,1,0
615,36,221,1,0
630,39,346,1,0
645,34,319,1,0
660,42,320,1,0
675,37,229,1,0
690,39,280,1,0
705,43,297,1,0
720,42,306,1,0
735,43,248,1,0
750,39,345,1,0
765,41,234,1,0
780,42,332,1,0
795,41,269,1,0
810,37,353,1,0
825,43,334,1,0
840,43,226,1,0
855,41,294,1,0
870,37,347,1,0
885,38,357,1,0
900,41,273,1,0
915,36,305,1,0
930,35,284,1,0
945,42,293,1,0
960,42,236,1,0
975,35,247,1,0
990,36,328,1,0
1005,36,329,1,0
1020,19,141,1,1
1035,23,115,1,1
1050,18,220,1,1
1065,21,201,1,1
1080,23,173,1,1
1095,22,102,1,1
1110,20,229,1,1
1125,18,119,1,1
1140,17,190,1,1
1155,40,286,1,1
1170,34,245,1,1
1185,34,243,1,1
1200,41,312,1,1
1215,42,349,1,0
1230,36,278,1,0
1245,35,226,1,0
1260,36,274,1,0
1275,37,350,1,0
1290,36,281,1,0
1305,43,302,1,0
1320,42,305,1,0
1335,39,264,1,0
1350,42,227,1,0
1365,41,242,1,0
1380,43,12,1,0
1395,40,14,1,0
1410,42,11,1,0
1425,44,6,1,0
1440,40,13,1,0
0,40,16,1,0
15,41,11,1,0
30,44,5,1,0
45,40,4,1,0
60,41,2,1,0
75,41,6,1,0
90,42,14,1,0
105,41,12,1,0
120,43,9,1,0
135,41,10,1,0
150,44,7,1,0
165,43,14,1,0
180,43,8,1,0
195,41,14,1,0
210,42,7,1,0
225,41,16,1,0
240,40,9,1,0
255,41,5,1,0
270,44,17,1,0
285,41,13,1,0
300,41,3,1,0
315,44,11,1,0
330,41,4,1,0
345,40,13,1,0
360,44,8,1,0
375,43,274,1,0
390,22,167,1,0
405,18,211,1,1
420,16,152,1,1
435,18,215,1,1
450,17,231,1,1
465,19,198,1,1
480,23,143,1,1
495,22,172,1,1
510,18,104,1,1
525,20,141,1,1
540,40,262,1,1
555,39,228,1,0
570,40,278,1,0
585,43,228,1,0
600,41,235,1,0
615,38,299,1,0
630,36,325,1,0
645,41,341,1,0
660,35,358,1,0
675,43,278,1,0
690,35,235,1,0
705,35,352,1,0
720,34,344,1,0
735,42,246,1,0
750,41,258,1,0
765,39,325,1,0
780,34,253,1,0
795,34,248,1,0
810,36,282,1,0
825,40,290,1,0
840,42,269,1,0
855,43,282,1,0
870,34,305,1,0
885,38,273,1,0
900,40,272,1,0
915,41,291,1,0
930,43,354,1,0
945,40,238,1,0
960,37,275,1,0
975,41,348,1,0
990,42,352,1,0
1005,37,320,1,0
1020,17,230,1,1
1035,16,222,1,1
1050,16,149,1,1
1065,19,198,1,1
1080,19,202,1,1
1095,22,185,1,1
1110,22,228,1,1
1125,19,154,1,1
1140,17,121,1,1
1155,42,247,1,1
1170,39,363,1,1
1185,40,233,1,1
1200,43,301,1,1
1215,41,328,1,0
1230,36,338,1,0
1245,38,277,1,0
1260,35,361,1,0
1275,42,341,1,0
1290,41,324,1,0
1305,40,274,1,0
1320,41,229,1,0
1335,42,258,1,0
1350,38,254,1,0
1365,37,329,1,0
1380,41,8,1,0
1395,41,5,1,0
1410,43,6,1,0
1425,43,6,1,0
1440,40,9,1,0
0,43,5,1,0
15,43,1,1,0
30,40,2,1,0
45,40,16,1,0
60,42,13,1,0
75,40,6,1,0
90,42,16,1,0
105,42,10,1,0
120,43,3,1,0
135,40,8,1,0
150,41,12,1,0
165,42,10,1,0
180,41,4,1,0
195,43,13,1,0
210,40,2,1,0
225,41,10,1,0
240,40,12,1,0
255,44,10,1,0
270,42,12,1,0
285,42,14,1,0
300,43,8,1,0
315,42,8,1,0
330,40,11,1,0
345,40,3,1,0
360,43,2,1,0
375,36,349,1,0
390,19,94,1,0
405,16,97,1,1
420,22,163,1,1
435,22,190,1,1
450,22,197,1,1
465,18,220,1,1
480,19,229,1,1
495,16,233,1,1
510,20,98,1,1
525,20,181,1,1
540,35,226,1,1
555,41,298,1,0
570,37,355,1,0
585,43,360,1,0
600,38,295,1,0
615,40,268,1,0
630,42,319,1,0
645,35,312,1,0
660,42,351,1,0
675,36,223,1,0
690,35,225,1,0
705,39,349,1,0
720,35,260,1,0
735,36,220,1,0
750,34,340,1,0
765,34,343,1,0
780,38,361,1,0
795,43,225,1,0
810,43,224,1,0
825,36,228,1,0
840,40,368,1,0
855,34,360,1,0
870,41,301,1,0
885,40,285,1,0
900,42,279,1,0
915,36,348,1,0
930,36,341,1,0
945,41,331,1,0
960,43,277,1,0
975,41,321,1,0
990,35,281,1,0
1005,41,345,1,0
1020,17,152,1,1
1035,22,104,1,1
1050,21,171,1,1
1065,17,144,1,1
1080,20,111,1,1
1095,16,188,1,1
1110,18,131,1,1
1125,20,157,1,1
1140,18,95,1,1
1155,39,357,1,1
1170,38,290,1,1
1185,38,361,1,1
1200,40,223,1,1
1215,34,344,1,0
1230,39,252,1,0
1245,40,357,1,0
1260,36,266,1,0
1275,37,313,1,0
1290,42,261,1,0
1305,35,344,1,0
1320,40,224,1,0
1335,37,338,1,0
1350,42,279,1,0
1365,42,240,1,0
1380,41,1,1,0
1395,40,1,1,0
1410,42,5,1,0
1425,44,16,1,0
1440,42,4,1,0
